<TextureAtlas imagePath="pack1.png">
	<SubTexture name="bar_meter2@2x.png" x="420" y="2011" width="202" height="28"/>
	<SubTexture name="bar_meter@2x.png" x="622" y="2011" width="202" height="28"/>
	<SubTexture name="bg_pop1.png" x="640" y="0" width="580" height="606"/>
	<SubTexture name="bg_pop2.png" x="0" y="921" width="640" height="580"/>
	<SubTexture name="bg_pop@2x.png" x="640" y="606" width="520" height="379"/>
	<SubTexture name="bg_tab.png" x="0" y="821" width="640" height="100"/>
	<SubTexture name="bg_tane@2x.png" x="0" y="0" width="640" height="131"/>
	<SubTexture name="bt_center.png" x="1370" y="1826" width="125" height="72"/>
	<SubTexture name="bt_close@2x.png" x="940" y="1465" width="276" height="76"/>
	<SubTexture name="btn_back_highlighted.png" x="1370" y="1494" width="150" height="70"/>
	<SubTexture name="btn_buy.png" x="1220" y="230" width="150" height="120"/>
	<SubTexture name="btn_buy_highlighted.png" x="1220" y="350" width="150" height="120"/>
	<SubTexture name="btn_close.png" x="640" y="1465" width="300" height="70"/>
	<SubTexture name="btn_help.png" x="1220" y="540" width="60" height="60"/>
	<SubTexture name="btn_infopopup_kusuri.png" x="1120" y="1266" width="214" height="60"/>
	<SubTexture name="btn_infopopup_sumi.png" x="1120" y="1961" width="214" height="60"/>
	<SubTexture name="btn_infopopup_yobou.png" x="1120" y="1901" width="214" height="60"/>
	<SubTexture name="btn_modoru.png" x="1220" y="86" width="152" height="72"/>
	<SubTexture name="btn_modoru_highlighted.png" x="1220" y="158" width="152" height="72"/>
	<SubTexture name="btn_next_highlighted.png" x="1220" y="470" width="150" height="70"/>
	<SubTexture name="btn_no@2x.png" x="1334" y="1901" width="204" height="84"/>
	<SubTexture name="btn_rireki.png" x="940" y="1541" width="170" height="86"/>
	<SubTexture name="btn_rireki_highlighted.png" x="1220" y="0" width="170" height="86"/>
	<SubTexture name="btn_shuka.png" x="0" y="1782" width="470" height="85"/>
	<SubTexture name="btn_shuka_highlighted.png" x="0" y="1867" width="470" height="85"/>
	<SubTexture name="btn_syukka.png" x="0" y="1952" width="420" height="80"/>
	<SubTexture name="btn_tab1.png" x="470" y="1882" width="128" height="100"/>
	<SubTexture name="btn_tab1_highlighted.png" x="1672" y="1934" width="128" height="100"/>
	<SubTexture name="btn_tab2.png" x="1784" y="131" width="128" height="100"/>
	<SubTexture name="btn_tab2_highlighted.png" x="1784" y="431" width="128" height="100"/>
	<SubTexture name="btn_tab3.png" x="1784" y="531" width="128" height="100"/>
	<SubTexture name="btn_tab3_highlighted.png" x="1784" y="231" width="128" height="100"/>
	<SubTexture name="btn_tab4.png" x="1784" y="731" width="128" height="100"/>
	<SubTexture name="btn_tab4_highlighted.png" x="1784" y="631" width="128" height="100"/>
	<SubTexture name="btn_tab5.png" x="470" y="1782" width="128" height="100"/>
	<SubTexture name="btn_tab5_highlighted.png" x="1784" y="331" width="128" height="100"/>
	<SubTexture name="btn_tweet.png" x="0" y="1632" width="600" height="150"/>
	<SubTexture name="btn_yes@2x.png" x="1324" y="1326" width="204" height="84"/>
	<SubTexture name="chara_zukan.png" x="1120" y="985" width="290" height="281"/>
	<SubTexture name="charadata.png" x="1160" y="606" width="210" height="350"/>
	<SubTexture name="daihun_01.png" x="1120" y="1721" width="250" height="180"/>
	<SubTexture name="daihun_02.png" x="1120" y="1541" width="250" height="180"/>
	<SubTexture name="data.png" x="1410" y="0" width="240" height="1136"/>
	<SubTexture name="favbadfood_no.png" x="1120" y="1410" width="70" height="38"/>
	<SubTexture name="food_bar_meter.png" x="824" y="2011" width="202" height="28"/>
	<SubTexture name="food_bar_meter2.png" x="1160" y="956" width="202" height="28"/>
	<SubTexture name="food_bg_point.png" x="640" y="1535" width="300" height="80"/>
	<SubTexture name="food_bg_pop.png" x="600" y="1632" width="520" height="379"/>
	<SubTexture name="food_bg_tane.png" x="0" y="1501" width="640" height="131"/>
	<SubTexture name="food_bt_close.png" x="640" y="1465" width="300" height="70"/>
	<SubTexture name="food_btn_no.png" x="1216" y="1410" width="204" height="84"/>
	<SubTexture name="food_btn_tane_left.png" x="1784" y="831" width="45" height="131"/>
	<SubTexture name="food_btn_tane_left_highlighted.png" x="1796" y="1179" width="45" height="131"/>
	<SubTexture name="food_btn_tane_right.png" x="1806" y="1791" width="45" height="131"/>
	<SubTexture name="food_btn_tane_right_highlighted.png" x="1812" y="962" width="45" height="131"/>
	<SubTexture name="food_btn_yes.png" x="1120" y="1326" width="204" height="84"/>
	<SubTexture name="food_icon_01.png" x="1788" y="1398" width="134" height="131"/>
	<SubTexture name="food_icon_02.png" x="1650" y="262" width="134" height="131"/>
	<SubTexture name="food_icon_03.png" x="1784" y="0" width="134" height="131"/>
	<SubTexture name="food_icon_04.png" x="1650" y="393" width="134" height="131"/>
	<SubTexture name="food_icon_05.png" x="1520" y="1410" width="134" height="131"/>
	<SubTexture name="food_icon_06.png" x="1370" y="1564" width="134" height="131"/>
	<SubTexture name="food_icon_07.png" x="1504" y="1564" width="134" height="131"/>
	<SubTexture name="food_icon_08.png" x="1650" y="131" width="134" height="131"/>
	<SubTexture name="food_icon_meter1.png" x="1269" y="1494" width="53" height="39"/>
	<SubTexture name="food_icon_meter2.png" x="1216" y="1494" width="53" height="39"/>
	<SubTexture name="food_icon_tane00.png" x="1650" y="0" width="134" height="131"/>
	<SubTexture name="food_icon_tane00_2.png" x="1528" y="1267" width="134" height="131"/>
	<SubTexture name="food_icon_tane00_highlighted.png" x="1544" y="1136" width="134" height="131"/>
	<SubTexture name="food_icon_tane01.png" x="1538" y="1826" width="134" height="131"/>
	<SubTexture name="food_icon_tane01_highlighted.png" x="1638" y="1541" width="134" height="131"/>
	<SubTexture name="food_icon_tane02.png" x="1662" y="1267" width="134" height="131"/>
	<SubTexture name="food_icon_tane02_highlighted.png" x="1672" y="1803" width="134" height="131"/>
	<SubTexture name="food_icon_tane03.png" x="1678" y="1048" width="134" height="131"/>
	<SubTexture name="food_icon_tane03_highlighted.png" x="1650" y="786" width="134" height="131"/>
	<SubTexture name="food_icon_tane04.png" x="1772" y="1660" width="134" height="131"/>
	<SubTexture name="food_icon_tane04_highlighted.png" x="1654" y="1398" width="134" height="131"/>
	<SubTexture name="food_icon_tane05.png" x="1650" y="917" width="134" height="131"/>
	<SubTexture name="food_icon_tane05_highlighted.png" x="1650" y="524" width="134" height="131"/>
	<SubTexture name="food_icon_tane06.png" x="1410" y="1136" width="134" height="131"/>
	<SubTexture name="food_icon_tane06_highlighted.png" x="1650" y="655" width="134" height="131"/>
	<SubTexture name="food_icon_tane07.png" x="1772" y="1529" width="134" height="131"/>
	<SubTexture name="food_icon_tane07_highlighted.png" x="1504" y="1695" width="134" height="131"/>
	<SubTexture name="food_icon_tane08.png" x="1370" y="1695" width="134" height="131"/>
	<SubTexture name="food_icon_tane08_highlighted.png" x="1638" y="1672" width="134" height="131"/>
	<SubTexture name="icon_nazo.png" x="0" y="131" width="640" height="690"/>
	<SubTexture name="infopopup.png" x="640" y="985" width="480" height="480"/>
</TextureAtlas>