<TextureAtlas imagePath="usipack4.png">
	<SubTexture name="chara24_fin.png" x="768" y="768" width="256" height="256"/>
	<SubTexture name="chara26_fin.png" x="1536" y="1536" width="256" height="256"/>
	<SubTexture name="chara27_fin.png" x="1536" y="1280" width="256" height="256"/>
	<SubTexture name="chara28_fin.png" x="1536" y="1024" width="256" height="256"/>
	<SubTexture name="chara29_fin.png" x="1536" y="768" width="256" height="256"/>
	<SubTexture name="chara30.png" x="1536" y="512" width="256" height="256"/>
	<SubTexture name="chara30_eat1.png" x="1536" y="512" width="256" height="256"/>
	<SubTexture name="chara30_eat2.png" x="1536" y="256" width="256" height="256"/>
	<SubTexture name="chara30_move1.png" x="1536" y="0" width="256" height="256"/>
	<SubTexture name="chara30_move2.png" x="1280" y="1792" width="256" height="256"/>
	<SubTexture name="chara30_sleep.png" x="1280" y="1536" width="256" height="256"/>
	<SubTexture name="chara31.png" x="1280" y="1280" width="256" height="256"/>
	<SubTexture name="chara31_eat1.png" x="1280" y="1280" width="256" height="256"/>
	<SubTexture name="chara31_eat2.png" x="1280" y="1024" width="256" height="256"/>
	<SubTexture name="chara31_fin.png" x="1280" y="768" width="256" height="256"/>
	<SubTexture name="chara31_move1.png" x="1280" y="512" width="256" height="256"/>
	<SubTexture name="chara31_move2.png" x="1280" y="256" width="256" height="256"/>
	<SubTexture name="chara31_sleep.png" x="1280" y="0" width="256" height="256"/>
	<SubTexture name="chara32.png" x="1024" y="1792" width="256" height="256"/>
	<SubTexture name="chara32_eat1.png" x="1024" y="1792" width="256" height="256"/>
	<SubTexture name="chara32_eat2.png" x="1024" y="1536" width="256" height="256"/>
	<SubTexture name="chara32_fin.png" x="1024" y="1280" width="256" height="256"/>
	<SubTexture name="chara32_move1.png" x="1024" y="1024" width="256" height="256"/>
	<SubTexture name="chara32_move2.png" x="1024" y="768" width="256" height="256"/>
	<SubTexture name="chara32_sleep.png" x="1024" y="512" width="256" height="256"/>
	<SubTexture name="chara33.png" x="1024" y="256" width="256" height="256"/>
	<SubTexture name="chara33_eat1.png" x="1024" y="256" width="256" height="256"/>
	<SubTexture name="chara33_eat2.png" x="1024" y="0" width="256" height="256"/>
	<SubTexture name="chara33_move1.png" x="768" y="1792" width="256" height="256"/>
	<SubTexture name="chara33_move2.png" x="768" y="1536" width="256" height="256"/>
	<SubTexture name="chara33_sleep.png" x="768" y="1280" width="256" height="256"/>
	<SubTexture name="chara34.png" x="768" y="1024" width="256" height="256"/>
	<SubTexture name="chara34_eat1.png" x="768" y="1024" width="256" height="256"/>
	<SubTexture name="chara34_eat2.png" x="1536" y="1792" width="256" height="256"/>
	<SubTexture name="chara34_fin.png" x="768" y="512" width="256" height="256"/>
	<SubTexture name="chara34_move1.png" x="768" y="256" width="256" height="256"/>
	<SubTexture name="chara34_move2.png" x="768" y="0" width="256" height="256"/>
	<SubTexture name="chara34_sleep.png" x="512" y="1792" width="256" height="256"/>
	<SubTexture name="chara35.png" x="512" y="1536" width="256" height="256"/>
	<SubTexture name="chara35_eat1.png" x="512" y="1536" width="256" height="256"/>
	<SubTexture name="chara35_eat2.png" x="512" y="1280" width="256" height="256"/>
	<SubTexture name="chara35_move1.png" x="512" y="1024" width="256" height="256"/>
	<SubTexture name="chara35_move2.png" x="512" y="768" width="256" height="256"/>
	<SubTexture name="chara35_sleep.png" x="512" y="512" width="256" height="256"/>
	<SubTexture name="chara38.png" x="512" y="256" width="256" height="256"/>
	<SubTexture name="chara38_eat1.png" x="512" y="256" width="256" height="256"/>
	<SubTexture name="chara38_eat2.png" x="512" y="0" width="256" height="256"/>
	<SubTexture name="chara38_fin.png" x="256" y="1792" width="256" height="256"/>
	<SubTexture name="chara38_move1.png" x="256" y="1536" width="256" height="256"/>
	<SubTexture name="chara38_move2.png" x="256" y="1280" width="256" height="256"/>
	<SubTexture name="chara38_sleep.png" x="256" y="1024" width="256" height="256"/>
	<SubTexture name="chara39.png" x="256" y="768" width="256" height="256"/>
	<SubTexture name="chara39_eat1.png" x="256" y="768" width="256" height="256"/>
	<SubTexture name="chara39_eat2.png" x="256" y="512" width="256" height="256"/>
	<SubTexture name="chara39_fin.png" x="256" y="256" width="256" height="256"/>
	<SubTexture name="chara39_move1.png" x="256" y="0" width="256" height="256"/>
	<SubTexture name="chara39_move2.png" x="0" y="1792" width="256" height="256"/>
	<SubTexture name="chara39_sleep.png" x="0" y="1536" width="256" height="256"/>
	<SubTexture name="chara40.png" x="0" y="1280" width="256" height="256"/>
	<SubTexture name="chara40_eat1.png" x="0" y="1280" width="256" height="256"/>
	<SubTexture name="chara40_eat2.png" x="0" y="1024" width="256" height="256"/>
	<SubTexture name="chara40_fin.png" x="0" y="768" width="256" height="256"/>
	<SubTexture name="chara40_move1.png" x="0" y="512" width="256" height="256"/>
	<SubTexture name="chara40_move2.png" x="0" y="256" width="256" height="256"/>
	<SubTexture name="chara40_sleep.png" x="0" y="0" width="256" height="256"/>
</TextureAtlas>