<TextureAtlas imagePath="usipack2.png">
	<SubTexture name="chara10.png" x="1536" y="1024" width="256" height="256"/>
	<SubTexture name="chara10_eat1.png" x="1536" y="1024" width="256" height="256"/>
	<SubTexture name="chara10_eat2.png" x="1536" y="768" width="256" height="256"/>
	<SubTexture name="chara10_move1.png" x="1536" y="512" width="256" height="256"/>
	<SubTexture name="chara10_move2.png" x="1536" y="256" width="256" height="256"/>
	<SubTexture name="chara10_sleep.png" x="1536" y="0" width="256" height="256"/>
	<SubTexture name="chara11.png" x="1280" y="1792" width="256" height="256"/>
	<SubTexture name="chara11_eat1.png" x="1280" y="1792" width="256" height="256"/>
	<SubTexture name="chara11_eat2.png" x="1280" y="1536" width="256" height="256"/>
	<SubTexture name="chara11_move1.png" x="1280" y="1280" width="256" height="256"/>
	<SubTexture name="chara11_move2.png" x="1280" y="1024" width="256" height="256"/>
	<SubTexture name="chara11_sleep.png" x="1280" y="768" width="256" height="256"/>
	<SubTexture name="chara12.png" x="1280" y="512" width="256" height="256"/>
	<SubTexture name="chara12_eat1.png" x="1280" y="512" width="256" height="256"/>
	<SubTexture name="chara12_eat2.png" x="1280" y="256" width="256" height="256"/>
	<SubTexture name="chara12_move1.png" x="1280" y="0" width="256" height="256"/>
	<SubTexture name="chara12_move2.png" x="1024" y="1792" width="256" height="256"/>
	<SubTexture name="chara12_sleep.png" x="1024" y="1536" width="256" height="256"/>
	<SubTexture name="chara13.png" x="1024" y="1280" width="256" height="256"/>
	<SubTexture name="chara13_eat1.png" x="1024" y="1280" width="256" height="256"/>
	<SubTexture name="chara13_eat2.png" x="1024" y="1024" width="256" height="256"/>
	<SubTexture name="chara13_move1.png" x="1024" y="768" width="256" height="256"/>
	<SubTexture name="chara13_move2.png" x="1024" y="512" width="256" height="256"/>
	<SubTexture name="chara13_sleep.png" x="1024" y="256" width="256" height="256"/>
	<SubTexture name="chara14.png" x="1024" y="0" width="256" height="256"/>
	<SubTexture name="chara14_eat1.png" x="1024" y="0" width="256" height="256"/>
	<SubTexture name="chara14_eat2.png" x="1792" y="1792" width="256" height="256"/>
	<SubTexture name="chara14_move1.png" x="768" y="1536" width="256" height="256"/>
	<SubTexture name="chara14_move2.png" x="768" y="1280" width="256" height="256"/>
	<SubTexture name="chara14_sleep.png" x="768" y="1024" width="256" height="256"/>
	<SubTexture name="chara15.png" x="768" y="768" width="256" height="256"/>
	<SubTexture name="chara15_eat1.png" x="768" y="768" width="256" height="256"/>
	<SubTexture name="chara15_eat2.png" x="768" y="512" width="256" height="256"/>
	<SubTexture name="chara15_fin.png" x="768" y="256" width="256" height="256"/>
	<SubTexture name="chara15_move1.png" x="768" y="0" width="256" height="256"/>
	<SubTexture name="chara15_move2.png" x="512" y="1792" width="256" height="256"/>
	<SubTexture name="chara15_sleep.png" x="512" y="1536" width="256" height="256"/>
	<SubTexture name="chara16.png" x="512" y="1280" width="256" height="256"/>
	<SubTexture name="chara16_eat1.png" x="512" y="1280" width="256" height="256"/>
	<SubTexture name="chara16_eat2.png" x="512" y="1024" width="256" height="256"/>
	<SubTexture name="chara16_move1.png" x="512" y="768" width="256" height="256"/>
	<SubTexture name="chara16_move2.png" x="512" y="512" width="256" height="256"/>
	<SubTexture name="chara16_sleep.png" x="512" y="256" width="256" height="256"/>
	<SubTexture name="chara17.png" x="512" y="0" width="256" height="256"/>
	<SubTexture name="chara17_eat1.png" x="512" y="0" width="256" height="256"/>
	<SubTexture name="chara17_eat2.png" x="256" y="1792" width="256" height="256"/>
	<SubTexture name="chara17_move1.png" x="256" y="1536" width="256" height="256"/>
	<SubTexture name="chara17_move2.png" x="256" y="1280" width="256" height="256"/>
	<SubTexture name="chara17_sleep.png" x="256" y="1024" width="256" height="256"/>
	<SubTexture name="chara18.png" x="256" y="768" width="256" height="256"/>
	<SubTexture name="chara18_eat1.png" x="256" y="768" width="256" height="256"/>
	<SubTexture name="chara18_eat2.png" x="256" y="512" width="256" height="256"/>
	<SubTexture name="chara18_move1.png" x="256" y="256" width="256" height="256"/>
	<SubTexture name="chara18_move2.png" x="256" y="0" width="256" height="256"/>
	<SubTexture name="chara18_sleep.png" x="0" y="1792" width="256" height="256"/>
	<SubTexture name="chara33_fin.png" x="0" y="1536" width="256" height="256"/>
	<SubTexture name="chara35_fin.png" x="0" y="1280" width="256" height="256"/>
	<SubTexture name="chara36.png" x="0" y="1024" width="256" height="256"/>
	<SubTexture name="chara36_eat1.png" x="0" y="1024" width="256" height="256"/>
	<SubTexture name="chara36_eat2.png" x="0" y="768" width="256" height="256"/>
	<SubTexture name="chara36_move1.png" x="0" y="512" width="256" height="256"/>
	<SubTexture name="chara36_move2.png" x="0" y="256" width="256" height="256"/>
	<SubTexture name="chara36_sleep.png" x="0" y="0" width="256" height="256"/>
	<SubTexture name="chara8.png" x="768" y="1792" width="256" height="256"/>
	<SubTexture name="chara8_eat1.png" x="768" y="1792" width="256" height="256"/>
	<SubTexture name="chara8_eat2.png" x="1792" y="1536" width="256" height="256"/>
	<SubTexture name="chara8_move1.png" x="1792" y="1280" width="256" height="256"/>
	<SubTexture name="chara8_move2.png" x="1792" y="1024" width="256" height="256"/>
	<SubTexture name="chara8_sleep.png" x="1792" y="768" width="256" height="256"/>
	<SubTexture name="chara9.png" x="1792" y="512" width="256" height="256"/>
	<SubTexture name="chara9_eat1.png" x="1792" y="512" width="256" height="256"/>
	<SubTexture name="chara9_eat2.png" x="1792" y="256" width="256" height="256"/>
	<SubTexture name="chara9_fin.png" x="1792" y="0" width="256" height="256"/>
	<SubTexture name="chara9_move1.png" x="1536" y="1792" width="256" height="256"/>
	<SubTexture name="chara9_move2.png" x="1536" y="1536" width="256" height="256"/>
	<SubTexture name="chara9_sleep.png" x="1536" y="1280" width="256" height="256"/>
</TextureAtlas>