<TextureAtlas imagePath="usipack5.png">
	<SubTexture name="chara10_fin.png" x="0" y="0" width="256" height="256"/>
	<SubTexture name="chara11_fin.png" x="256" y="1024" width="256" height="256"/>
	<SubTexture name="chara12_fin.png" x="0" y="1792" width="256" height="256"/>
	<SubTexture name="chara13_fin.png" x="0" y="768" width="256" height="256"/>
	<SubTexture name="chara18_fin.png" x="0" y="256" width="256" height="256"/>
	<SubTexture name="chara19_fin.png" x="0" y="1280" width="256" height="256"/>
	<SubTexture name="chara1_fin.png" x="512" y="0" width="256" height="256"/>
	<SubTexture name="chara20_fin.png" x="256" y="768" width="256" height="256"/>
	<SubTexture name="chara21_fin.png" x="256" y="256" width="256" height="256"/>
	<SubTexture name="chara22_fin.png" x="256" y="1280" width="256" height="256"/>
	<SubTexture name="chara23_fin.png" x="0" y="1536" width="256" height="256"/>
	<SubTexture name="chara2_fin.png" x="256" y="512" width="256" height="256"/>
	<SubTexture name="chara3_fin.png" x="0" y="512" width="256" height="256"/>
	<SubTexture name="chara4_fin.png" x="256" y="0" width="256" height="256"/>
	<SubTexture name="chara5_fin.png" x="256" y="1792" width="256" height="256"/>
	<SubTexture name="chara7_fin.png" x="256" y="1536" width="256" height="256"/>
	<SubTexture name="chara8_fin.png" x="0" y="1024" width="256" height="256"/>
</TextureAtlas>