<TextureAtlas imagePath="usipack3.png">
	<SubTexture name="chara14_fin.png" x="1792" y="1536" width="256" height="256"/>
	<SubTexture name="chara19.png" x="1792" y="1280" width="256" height="256"/>
	<SubTexture name="chara19_eat1.png" x="1792" y="1280" width="256" height="256"/>
	<SubTexture name="chara19_eat2.png" x="1792" y="1024" width="256" height="256"/>
	<SubTexture name="chara19_move1.png" x="1792" y="768" width="256" height="256"/>
	<SubTexture name="chara19_move2.png" x="1792" y="512" width="256" height="256"/>
	<SubTexture name="chara19_sleep.png" x="1792" y="256" width="256" height="256"/>
	<SubTexture name="chara20.png" x="1792" y="0" width="256" height="256"/>
	<SubTexture name="chara20_eat1.png" x="1792" y="0" width="256" height="256"/>
	<SubTexture name="chara20_eat2.png" x="1536" y="1792" width="256" height="256"/>
	<SubTexture name="chara20_move1.png" x="1536" y="1536" width="256" height="256"/>
	<SubTexture name="chara20_move2.png" x="1536" y="1280" width="256" height="256"/>
	<SubTexture name="chara20_sleep.png" x="1536" y="1024" width="256" height="256"/>
	<SubTexture name="chara21.png" x="1536" y="768" width="256" height="256"/>
	<SubTexture name="chara21_eat1.png" x="1536" y="768" width="256" height="256"/>
	<SubTexture name="chara21_eat2.png" x="1536" y="512" width="256" height="256"/>
	<SubTexture name="chara21_move1.png" x="1536" y="256" width="256" height="256"/>
	<SubTexture name="chara21_move2.png" x="1536" y="0" width="256" height="256"/>
	<SubTexture name="chara21_sleep.png" x="1280" y="1792" width="256" height="256"/>
	<SubTexture name="chara22.png" x="1280" y="1536" width="256" height="256"/>
	<SubTexture name="chara22_eat1.png" x="1280" y="1536" width="256" height="256"/>
	<SubTexture name="chara22_eat2.png" x="1280" y="1280" width="256" height="256"/>
	<SubTexture name="chara22_move1.png" x="1280" y="1024" width="256" height="256"/>
	<SubTexture name="chara22_move2.png" x="1280" y="768" width="256" height="256"/>
	<SubTexture name="chara22_sleep.png" x="1280" y="512" width="256" height="256"/>
	<SubTexture name="chara23.png" x="1280" y="256" width="256" height="256"/>
	<SubTexture name="chara23_eat1.png" x="1280" y="256" width="256" height="256"/>
	<SubTexture name="chara23_eat2.png" x="1280" y="0" width="256" height="256"/>
	<SubTexture name="chara23_move1.png" x="1024" y="1792" width="256" height="256"/>
	<SubTexture name="chara23_move2.png" x="1024" y="1536" width="256" height="256"/>
	<SubTexture name="chara23_sleep.png" x="1024" y="1280" width="256" height="256"/>
	<SubTexture name="chara24.png" x="1024" y="1024" width="256" height="256"/>
	<SubTexture name="chara24_eat1.png" x="1024" y="1024" width="256" height="256"/>
	<SubTexture name="chara24_eat2.png" x="1024" y="768" width="256" height="256"/>
	<SubTexture name="chara24_move1.png" x="1024" y="512" width="256" height="256"/>
	<SubTexture name="chara24_move2.png" x="1024" y="256" width="256" height="256"/>
	<SubTexture name="chara24_sleep.png" x="1024" y="0" width="256" height="256"/>
	<SubTexture name="chara25.png" x="1792" y="1792" width="256" height="256"/>
	<SubTexture name="chara25_eat1.png" x="1792" y="1792" width="256" height="256"/>
	<SubTexture name="chara25_eat2.png" x="768" y="1536" width="256" height="256"/>
	<SubTexture name="chara25_fin.png" x="768" y="1280" width="256" height="256"/>
	<SubTexture name="chara25_move1.png" x="768" y="1024" width="256" height="256"/>
	<SubTexture name="chara25_move2.png" x="768" y="768" width="256" height="256"/>
	<SubTexture name="chara25_sleep.png" x="768" y="512" width="256" height="256"/>
	<SubTexture name="chara26.png" x="768" y="256" width="256" height="256"/>
	<SubTexture name="chara26_eat1.png" x="768" y="256" width="256" height="256"/>
	<SubTexture name="chara26_eat2.png" x="768" y="0" width="256" height="256"/>
	<SubTexture name="chara26_move1.png" x="512" y="1792" width="256" height="256"/>
	<SubTexture name="chara26_move2.png" x="512" y="1536" width="256" height="256"/>
	<SubTexture name="chara26_sleep.png" x="512" y="1280" width="256" height="256"/>
	<SubTexture name="chara27.png" x="512" y="1024" width="256" height="256"/>
	<SubTexture name="chara27_eat1.png" x="512" y="1024" width="256" height="256"/>
	<SubTexture name="chara27_eat2.png" x="512" y="768" width="256" height="256"/>
	<SubTexture name="chara27_move1.png" x="512" y="512" width="256" height="256"/>
	<SubTexture name="chara27_move2.png" x="512" y="256" width="256" height="256"/>
	<SubTexture name="chara27_sleep.png" x="512" y="0" width="256" height="256"/>
	<SubTexture name="chara28.png" x="256" y="1792" width="256" height="256"/>
	<SubTexture name="chara28_eat1.png" x="256" y="1792" width="256" height="256"/>
	<SubTexture name="chara28_eat2.png" x="256" y="1536" width="256" height="256"/>
	<SubTexture name="chara28_move1.png" x="256" y="1280" width="256" height="256"/>
	<SubTexture name="chara28_move2.png" x="256" y="1024" width="256" height="256"/>
	<SubTexture name="chara28_sleep.png" x="256" y="768" width="256" height="256"/>
	<SubTexture name="chara29.png" x="256" y="512" width="256" height="256"/>
	<SubTexture name="chara29_eat1.png" x="256" y="512" width="256" height="256"/>
	<SubTexture name="chara29_eat2.png" x="256" y="256" width="256" height="256"/>
	<SubTexture name="chara29_move1.png" x="256" y="0" width="256" height="256"/>
	<SubTexture name="chara29_move2.png" x="0" y="1792" width="256" height="256"/>
	<SubTexture name="chara29_sleep.png" x="0" y="1536" width="256" height="256"/>
	<SubTexture name="chara30_fin.png" x="0" y="1280" width="256" height="256"/>
	<SubTexture name="chara37.png" x="0" y="1024" width="256" height="256"/>
	<SubTexture name="chara37_eat1.png" x="0" y="1024" width="256" height="256"/>
	<SubTexture name="chara37_eat2.png" x="0" y="768" width="256" height="256"/>
	<SubTexture name="chara37_move1.png" x="0" y="512" width="256" height="256"/>
	<SubTexture name="chara37_move2.png" x="0" y="256" width="256" height="256"/>
	<SubTexture name="chara37_sleep.png" x="0" y="0" width="256" height="256"/>
	<SubTexture name="chara6_fin.png" x="768" y="1792" width="256" height="256"/>
</TextureAtlas>