<TextureAtlas imagePath="usipack1.png">
	<SubTexture name="baby1.png" x="768" y="1792" width="256" height="256"/>
	<SubTexture name="baby1_eat1.png" x="768" y="1792" width="256" height="256"/>
	<SubTexture name="baby1_eat2.png" x="1792" y="1536" width="256" height="256"/>
	<SubTexture name="baby1_move1.png" x="1792" y="1280" width="256" height="256"/>
	<SubTexture name="baby1_move2.png" x="1792" y="1024" width="256" height="256"/>
	<SubTexture name="baby1_sleep.png" x="1792" y="768" width="256" height="256"/>
	<SubTexture name="baby2.png" x="1792" y="512" width="256" height="256"/>
	<SubTexture name="baby2_eat1.png" x="1792" y="512" width="256" height="256"/>
	<SubTexture name="baby2_eat2.png" x="1792" y="256" width="256" height="256"/>
	<SubTexture name="baby2_move1.png" x="1792" y="0" width="256" height="256"/>
	<SubTexture name="baby2_move2.png" x="1536" y="1792" width="256" height="256"/>
	<SubTexture name="baby2_sleep.png" x="1536" y="1536" width="256" height="256"/>
	<SubTexture name="baby3.png" x="1536" y="1280" width="256" height="256"/>
	<SubTexture name="baby3_eat1.png" x="1536" y="1280" width="256" height="256"/>
	<SubTexture name="baby3_eat2.png" x="1536" y="1024" width="256" height="256"/>
	<SubTexture name="baby3_move1.png" x="1536" y="768" width="256" height="256"/>
	<SubTexture name="baby3_move2.png" x="1536" y="512" width="256" height="256"/>
	<SubTexture name="baby3_sleep.png" x="1536" y="256" width="256" height="256"/>
	<SubTexture name="baby4.png" x="1536" y="0" width="256" height="256"/>
	<SubTexture name="baby4_eat1.png" x="1536" y="0" width="256" height="256"/>
	<SubTexture name="baby4_eat2.png" x="1280" y="1792" width="256" height="256"/>
	<SubTexture name="baby4_move1.png" x="1280" y="1536" width="256" height="256"/>
	<SubTexture name="baby4_move2.png" x="1280" y="1280" width="256" height="256"/>
	<SubTexture name="baby4_sleep.png" x="1280" y="1024" width="256" height="256"/>
	<SubTexture name="baby5.png" x="1280" y="768" width="256" height="256"/>
	<SubTexture name="baby5_eat1.png" x="1280" y="768" width="256" height="256"/>
	<SubTexture name="baby5_eat2.png" x="1280" y="512" width="256" height="256"/>
	<SubTexture name="baby5_move1.png" x="1280" y="256" width="256" height="256"/>
	<SubTexture name="baby5_move2.png" x="1280" y="0" width="256" height="256"/>
	<SubTexture name="baby5_sleep.png" x="1024" y="1792" width="256" height="256"/>
	<SubTexture name="chara1.png" x="1024" y="1536" width="256" height="256"/>
	<SubTexture name="chara16_fin.png" x="0" y="768" width="256" height="256"/>
	<SubTexture name="chara17_fin.png" x="0" y="512" width="256" height="256"/>
	<SubTexture name="chara1_eat1.png" x="1024" y="1536" width="256" height="256"/>
	<SubTexture name="chara1_eat2.png" x="1024" y="1280" width="256" height="256"/>
	<SubTexture name="chara1_move1.png" x="1024" y="1024" width="256" height="256"/>
	<SubTexture name="chara1_move2.png" x="1024" y="768" width="256" height="256"/>
	<SubTexture name="chara1_sleep.png" x="1024" y="512" width="256" height="256"/>
	<SubTexture name="chara2.png" x="1024" y="256" width="256" height="256"/>
	<SubTexture name="chara2_eat1.png" x="1024" y="256" width="256" height="256"/>
	<SubTexture name="chara2_eat2.png" x="1024" y="0" width="256" height="256"/>
	<SubTexture name="chara2_move1.png" x="1792" y="1792" width="256" height="256"/>
	<SubTexture name="chara2_move2.png" x="768" y="1536" width="256" height="256"/>
	<SubTexture name="chara2_sleep.png" x="768" y="1280" width="256" height="256"/>
	<SubTexture name="chara3.png" x="768" y="1024" width="256" height="256"/>
	<SubTexture name="chara36_fin.png" x="0" y="256" width="256" height="256"/>
	<SubTexture name="chara37_fin.png" x="0" y="0" width="256" height="256"/>
	<SubTexture name="chara3_eat1.png" x="768" y="1024" width="256" height="256"/>
	<SubTexture name="chara3_eat2.png" x="768" y="768" width="256" height="256"/>
	<SubTexture name="chara3_move1.png" x="768" y="512" width="256" height="256"/>
	<SubTexture name="chara3_move2.png" x="768" y="256" width="256" height="256"/>
	<SubTexture name="chara3_sleep.png" x="768" y="0" width="256" height="256"/>
	<SubTexture name="chara4.png" x="512" y="1792" width="256" height="256"/>
	<SubTexture name="chara4_eat1.png" x="512" y="1792" width="256" height="256"/>
	<SubTexture name="chara4_eat2.png" x="512" y="1536" width="256" height="256"/>
	<SubTexture name="chara4_move1.png" x="512" y="1280" width="256" height="256"/>
	<SubTexture name="chara4_move2.png" x="512" y="1024" width="256" height="256"/>
	<SubTexture name="chara4_sleep.png" x="512" y="768" width="256" height="256"/>
	<SubTexture name="chara5.png" x="512" y="512" width="256" height="256"/>
	<SubTexture name="chara5_eat1.png" x="512" y="512" width="256" height="256"/>
	<SubTexture name="chara5_eat2.png" x="512" y="256" width="256" height="256"/>
	<SubTexture name="chara5_move1.png" x="512" y="0" width="256" height="256"/>
	<SubTexture name="chara5_move2.png" x="256" y="1792" width="256" height="256"/>
	<SubTexture name="chara5_sleep.png" x="256" y="1536" width="256" height="256"/>
	<SubTexture name="chara6.png" x="256" y="1280" width="256" height="256"/>
	<SubTexture name="chara6_eat1.png" x="256" y="1280" width="256" height="256"/>
	<SubTexture name="chara6_eat2.png" x="256" y="1024" width="256" height="256"/>
	<SubTexture name="chara6_move1.png" x="256" y="768" width="256" height="256"/>
	<SubTexture name="chara6_move2.png" x="256" y="512" width="256" height="256"/>
	<SubTexture name="chara6_sleep.png" x="256" y="256" width="256" height="256"/>
	<SubTexture name="chara7.png" x="256" y="0" width="256" height="256"/>
	<SubTexture name="chara7_eat1.png" x="256" y="0" width="256" height="256"/>
	<SubTexture name="chara7_eat2.png" x="0" y="1792" width="256" height="256"/>
	<SubTexture name="chara7_move1.png" x="0" y="1536" width="256" height="256"/>
	<SubTexture name="chara7_move2.png" x="0" y="1280" width="256" height="256"/>
	<SubTexture name="chara7_sleep.png" x="0" y="1024" width="256" height="256"/>
</TextureAtlas>