id,name,param1,param2,param3,hybrid,content,money
1,白色的猫仔,5,30,0,1,普通的全白的猫仔。温顺的性格、所以适合刚开始饲养猫的人。预计是可以成长为白色可爱的猫。,1
2,黑色的猫仔,5.5,35,1,2,全身黑的猫仔、所以这个面容会保持到长大以后。稳重的性格、在最喜欢饲养人的身边午睡。,15
3,黄色的猫仔,6,40,3,3,带有黄色斑纹的猫仔、会成长为独特的猫。性格活泼、经常奔跑而撞到墙壁。,35
4,粉色的猫仔,6.5,45,5,4,耳朵和尾巴是粉色的猫仔。像个女孩、能成长为让人心动的样子。饲养难度有点高。,70
5,黄金的猫仔,7,50,10,5,闪耀着黄金色的猫仔。非常贵重的猫仔有点难亲近。难饲养、但是能成为稀有品种的猫。,125
