id,name,content,money,min,open,amount
1,猫食,无论什么猫都是从这个开始的最为普通的食物。肚子饿的时候觉得特别好吃。,0,10,0,10
2,鲣鱼花,把轻飘飘的削出来的鲣鱼花含在口中、能品尝到鱼原本的鲜味、因此喜欢美食的猫们是不可错过的。,1,20,0,8
3,牛奶,一次就能把营养和水分一起补充的饮料。即使不是小猫仔也喜欢喝。,2,30,0,8
4,小老鼠,给平时不捕捉老鼠的猫体验一下捕捉老鼠的心情的糕点。味道和造型都能让、猫很满足。,3,50,1,8
5,烤鱼,把即使是生的也很喜欢的鱼拿来烤以后、对于猫来说就如人类一般偶尔会做些奢侈的事。,5,60,2,7
6,虾,小虾容易食用且营养也丰富。带有地点咸味所以对于人类来说也挺美味的。,8,90,3,6
7,扇贝,尽量不想给猫食用的非常好的扇贝。新鲜、没有异味、带有甜味。海獭也喜欢的食物。,12,100,5,6
8,牛排,是奖励中最好的奖励。用国产黑毛和牛制作出来的牛排。美味无比。,20,120,7,5
