id,name,content,money,note
1,白色的猫仔,普通的全白的猫仔。温顺的性格、所以适合刚开始饲养猫的人。预计是可以成长为白色可爱的猫。,1,0
2,黑色的猫仔,全身黑的猫仔、所以这个面容会保持到长大以后。稳重的性格、在最喜欢饲养人的身边午睡。,15,0
3,黄色的猫仔,带有黄色斑纹的猫仔、会成长为独特的猫。性格活泼、经常奔跑而撞到墙壁。,35,0
4,粉色的猫仔,耳朵和尾巴是粉色的猫仔。像个女孩、能成长为让人心动的样子。饲养难度有点高。,70,0
5,黄金的猫仔,闪耀着黄金色的猫仔。非常贵重的猫仔有点难亲近。难饲养、但是能成为稀有品种的猫。,125,0
8,疫苗接种,注射疫苗后、猫可以一生不生病。但是只针对健康的猫、所以在猫健康的时候注射。※实际操作、要在猫的详细画面里操作,1,0
9,注射药品,治愈生病的猫。重病的时候、可能需要2针。在猫重病时候赶紧抢救。,3,0
6,毛团打扫器,自动扫毛团器。当扫除能力减落得时候、要时常更换网。1套可以追加购买收获20个毛团的网,4,20
7,排气扇,使房间的空气保持流通的机器。是猫保持健康的好伙伴。因为是电池式的供电方式、电力容易消失。1套可以追加购买24小时电力的电池。,30,24
10,扩建工程1,可以使猫饲养的头数从3只增加到4只的扩建工程。猫咖啡店里铺上地毯后、猫们能悠闲的翻滚生活。,250,0
11,扩建工程2,可以使猫饲养的头数从4只增加到5只的扩建工程。猫咖啡店里的地毯和软枕增加后让猫们无比的开心。※必须先完成扩建工程1,550,0
12,扩建工程3,可以使猫饲养的头数从5只增加到6只的扩建工程。猫咖啡店里玩具增加了。猫们能更自由自在的生活。※必须先完成扩建工程2,1110,0
