shuka_bg.png,C,0,0,640,1136
data.png,C,400,0,240,1136
header_syukka.png,C,0,0,640,180
btn_rireki.png,B,470,850,170,86
btn_shuka.png,B,0,851,470,85
btn_next_highlighted.png,B,248,778,150,70
btn_back_highlighted.png,B,0,778,150,70
bt_center.png,C,159,785,82,52
name.png,C,17,195,360,60
level_a.png,C,446,504,83,83
baby1.png,C,4,264,393,393
A,T,181,200,50,50
B,T,507,191,30,30
C,T,507,235,30,30
D,T,568,358,27,27
E,T,568,390,27,27
F,T,568,426,27,27
G,T,505,620,30,30
H,T,184,797,30,30
I,T,167,95,30,30
J,T,587,30,30,30

